{
    "loss": 1.2312796115875244,
    "accuracy": 0.8879310488700867
}