{
    "loss": 0.8365656733512878,
    "accuracy": 0.8706896305084229
}