{
    "loss": 0.4842911660671234,
    "accuracy": 0.9655172228813171
}