{
    "loss": 0.40053582191467285,
    "accuracy": 0.9655172228813171
}