{
    "loss": 0.5497817397117615,
    "accuracy": 0.9396551847457886
}